{"lr": 0.00018016032064128258, "data_time": 2.4800532341003416, "loss": 2.3621944427490233, "loss_rpn_cls": 0.7322323679924011, "loss_rpn_bbox": 0.054340045899152756, "s0.loss_cls": 0.8756127238273621, "s0.acc": 12.65625, "s0.loss_bbox": 0.16911910474300385, "s1.loss_cls": 0.3458182990550995, "s1.acc": 67.65625, "s1.loss_bbox": 0.029979710280895234, "s2.loss_cls": 0.1510416716337204, "s2.acc": 93.7890625, "s2.loss_bbox": 0.00405051214620471, "time": 92.15605907440185, "epoch": 1, "iter": 5, "memory": 21154, "step": 5}
{"coco/bbox_mAP": 0.002, "coco/bbox_mAP_50": 0.007, "coco/bbox_mAP_75": 0.0, "coco/bbox_mAP_s": 0.001, "coco/bbox_mAP_m": 0.003, "coco/bbox_mAP_l": 0.004, "data_time": 0.25656880378723146, "time": 1.3371066665649414, "step": 1}
{"lr": 0.00038036072144288573, "data_time": 1.272327184677124, "loss": 2.0810131669044494, "loss_rpn_cls": 0.6803500384092331, "loss_rpn_bbox": 0.05230013653635979, "s0.loss_cls": 0.7171629518270493, "s0.acc": 91.7578125, "s0.loss_bbox": 0.173490571975708, "s1.loss_cls": 0.2920928135514259, "s1.acc": 95.9765625, "s1.loss_bbox": 0.02971814926713705, "s2.loss_cls": 0.13166992068290712, "s2.acc": 97.734375, "s2.loss_bbox": 0.0042285593692213295, "time": 89.21227798461913, "epoch": 2, "iter": 10, "memory": 21154, "step": 10}
{"coco/bbox_mAP": 0.003, "coco/bbox_mAP_50": 0.009, "coco/bbox_mAP_75": 0.0, "coco/bbox_mAP_s": 0.008, "coco/bbox_mAP_m": 0.011, "coco/bbox_mAP_l": 0.004, "data_time": 0.0027176875334519604, "time": 1.076752515939566, "step": 2}
{"lr": 0.000580561122244489, "data_time": 0.8740702470143636, "loss": 1.7511860807736714, "loss_rpn_cls": 0.5815308143695196, "loss_rpn_bbox": 0.05021922861536344, "s0.loss_cls": 0.5778527696927388, "s0.acc": 94.0234375, "s0.loss_bbox": 0.16910445541143418, "s1.loss_cls": 0.23299142271280288, "s1.acc": 97.1875, "s1.loss_bbox": 0.02895209031800429, "s2.loss_cls": 0.10644924566149712, "s2.acc": 98.59375, "s2.loss_bbox": 0.004086029118237396, "time": 88.51939447720845, "epoch": 3, "iter": 15, "memory": 21154, "step": 15}
{"coco/bbox_mAP": 0.002, "coco/bbox_mAP_50": 0.009, "coco/bbox_mAP_75": 0.0, "coco/bbox_mAP_s": 0.016, "coco/bbox_mAP_m": 0.01, "coco/bbox_mAP_l": 0.002, "data_time": 0.0019397368797889124, "time": 1.0942313487713153, "step": 3}
{"lr": 0.0007807615230460922, "data_time": 0.6721244812011719, "loss": 1.539339354634285, "loss_rpn_cls": 0.49162673130631446, "loss_rpn_bbox": 0.04962511695921421, "s0.loss_cls": 0.5109943106770516, "s0.acc": 90.625, "s0.loss_bbox": 0.1688693579286337, "s1.loss_cls": 0.1972342047840357, "s1.acc": 95.1953125, "s1.loss_bbox": 0.029178617242723703, "s2.loss_cls": 0.08775376193225384, "s2.acc": 97.9296875, "s2.loss_bbox": 0.004057239455869421, "time": 87.54259017705917, "epoch": 4, "iter": 20, "memory": 21154, "step": 20}
{"coco/bbox_mAP": 0.001, "coco/bbox_mAP_50": 0.005, "coco/bbox_mAP_75": 0.0, "coco/bbox_mAP_s": 0.016, "coco/bbox_mAP_m": 0.003, "coco/bbox_mAP_l": 0.002, "data_time": 0.002103457084068885, "time": 1.1147620036051824, "step": 4}
{"lr": 0.0009809619238476952, "data_time": 0.5513781642913819, "loss": 1.3955861353874206, "loss_rpn_cls": 0.4296008813381195, "loss_rpn_bbox": 0.048688671439886096, "s0.loss_cls": 0.4684653455018997, "s0.acc": 94.0234375, "s0.loss_bbox": 0.1659516167640686, "s1.loss_cls": 0.17473095327615737, "s1.acc": 97.1484375, "s1.loss_bbox": 0.028808089569211007, "s2.loss_cls": 0.07527695298194885, "s2.acc": 98.4375, "s2.loss_bbox": 0.004063606034033, "time": 86.9592802810669, "epoch": 5, "iter": 25, "memory": 21154, "step": 25}
{"coco/bbox_mAP": 0.001, "coco/bbox_mAP_50": 0.004, "coco/bbox_mAP_75": 0.0, "coco/bbox_mAP_s": 0.011, "coco/bbox_mAP_m": 0.001, "coco/bbox_mAP_l": 0.001, "data_time": 0.001870888930100661, "time": 1.1685264293964093, "step": 5}
{"lr": 0.0011811623246492983, "data_time": 0.4788380146026611, "loss": 1.3032232701778412, "loss_rpn_cls": 0.39256766984860103, "loss_rpn_bbox": 0.04750621852775415, "s0.loss_cls": 0.4374793842434883, "s0.acc": 91.171875, "s0.loss_bbox": 0.16474426339070003, "s1.loss_cls": 0.1609471765657266, "s1.acc": 95.546875, "s1.loss_bbox": 0.028816967643797396, "s2.loss_cls": 0.06709395957489808, "s2.acc": 97.96875, "s2.loss_bbox": 0.00406761352205649, "time": 86.50332171916962, "epoch": 6, "iter": 30, "memory": 21154, "step": 30}
{"coco/bbox_mAP": 0.004, "coco/bbox_mAP_50": 0.013, "coco/bbox_mAP_75": 0.001, "coco/bbox_mAP_s": 0.008, "coco/bbox_mAP_m": 0.006, "coco/bbox_mAP_l": 0.005, "data_time": 0.0020660987267127405, "time": 1.1501667499542236, "step": 6}
{"lr": 0.0013813627254509017, "data_time": 0.42311479704720634, "loss": 1.2339169246809822, "loss_rpn_cls": 0.36357853029455456, "loss_rpn_bbox": 0.04635893133069788, "s0.loss_cls": 0.41433471781866893, "s0.acc": 93.4375, "s0.loss_bbox": 0.16481503652674812, "s1.loss_cls": 0.15072869339159556, "s1.acc": 96.40625, "s1.loss_bbox": 0.02874650295291628, "s2.loss_cls": 0.06128929411726339, "s2.acc": 98.125, "s2.loss_bbox": 0.004065196119648005, "time": 86.04325902121407, "epoch": 7, "iter": 35, "memory": 21154, "step": 35}
{"coco/bbox_mAP": 0.007, "coco/bbox_mAP_50": 0.026, "coco/bbox_mAP_75": 0.001, "coco/bbox_mAP_s": 0.016, "coco/bbox_mAP_m": 0.011, "coco/bbox_mAP_l": 0.006, "data_time": 0.0006996393203735352, "time": 1.1018675015522883, "step": 7}
{"lr": 0.001581563126252505, "data_time": 0.37765129208564757, "loss": 1.1813046887516976, "loss_rpn_cls": 0.33883557803928854, "loss_rpn_bbox": 0.04530417830683291, "s0.loss_cls": 0.39784427508711817, "s0.acc": 91.5625, "s0.loss_bbox": 0.16710541788488625, "s1.loss_cls": 0.14271184708923101, "s1.acc": 96.25, "s1.loss_bbox": 0.028485736390575767, "s2.loss_cls": 0.056967414310202004, "s2.acc": 98.046875, "s2.loss_bbox": 0.00405022430641111, "time": 85.35337710380554, "epoch": 8, "iter": 40, "memory": 21154, "step": 40}
{"coco/bbox_mAP": 0.013, "coco/bbox_mAP_50": 0.045, "coco/bbox_mAP_75": 0.002, "coco/bbox_mAP_s": 0.033, "coco/bbox_mAP_m": 0.016, "coco/bbox_mAP_l": 0.016, "data_time": 0.0025385618209838867, "time": 1.0988298104359553, "step": 8}
{"lr": 0.0001781763527054108, "data_time": 0.3424577077229818, "loss": 1.1377255453003778, "loss_rpn_cls": 0.31888444489902923, "loss_rpn_bbox": 0.04517293187479178, "s0.loss_cls": 0.3837280958890915, "s0.acc": 92.734375, "s0.loss_bbox": 0.1680441109670533, "s1.loss_cls": 0.13617009172836939, "s1.acc": 96.5625, "s1.loss_bbox": 0.028314324137237338, "s2.loss_cls": 0.053432572467459576, "s2.acc": 98.3203125, "s2.loss_bbox": 0.0039789550653141405, "time": 84.83260417514377, "epoch": 9, "iter": 45, "memory": 21154, "step": 45}
{"coco/bbox_mAP": 0.014, "coco/bbox_mAP_50": 0.046, "coco/bbox_mAP_75": 0.003, "coco/bbox_mAP_s": 0.033, "coco/bbox_mAP_m": 0.016, "coco/bbox_mAP_l": 0.015, "data_time": 0.0010022841967069185, "time": 1.0964106779832106, "step": 9}
{"lr": 0.00019819639278557112, "data_time": 0.3138115310668945, "loss": 1.1079394292831422, "loss_rpn_cls": 0.30279973536729815, "loss_rpn_bbox": 0.04503500182181597, "s0.loss_cls": 0.37454062193632126, "s0.acc": 88.4765625, "s0.loss_bbox": 0.17037925317883493, "s1.loss_cls": 0.13179874539375305, "s1.acc": 94.375, "s1.loss_bbox": 0.028431428745388985, "s2.loss_cls": 0.05095856960862875, "s2.acc": 97.1484375, "s2.loss_bbox": 0.003996054132003337, "time": 84.33495136737824, "epoch": 10, "iter": 50, "memory": 21154, "step": 50}
{"coco/bbox_mAP": 0.014, "coco/bbox_mAP_50": 0.048, "coco/bbox_mAP_75": 0.003, "coco/bbox_mAP_s": 0.033, "coco/bbox_mAP_m": 0.016, "coco/bbox_mAP_l": 0.015, "data_time": 0.0006137994619516226, "time": 1.1089410048264723, "step": 10}
{"lr": 0.00021821643286573143, "data_time": 0.07165786743164063, "loss": 0.9530114722251892, "loss_rpn_cls": 0.2443965992331505, "loss_rpn_bbox": 0.0436618047580123, "s0.loss_cls": 0.31567844837903974, "s0.acc": 89.8046875, "s0.loss_bbox": 0.17211380049586297, "s1.loss_cls": 0.10625765517354012, "s1.acc": 94.921875, "s1.loss_bbox": 0.028387729935348036, "s2.loss_cls": 0.03853490717709065, "s2.acc": 97.65625,