{
    "train_loss": [
        0.36028300210833547,
        0.3001772266924381,
        0.28176091718673707,
        0.2954732382297516,
        0.2817725778520107,
        0.27850416849553583,
        0.2694363925755024,
        0.2605897742509842,
        0.2615744827389717,
        0.25499148058891297,
        0.24905369639396668,
        0.23474148279428483,
        0.22576545612514018,
        0.2240933659374714,
        0.2269836763292551,
        0.22413023474812507,
        0.22266536472737788,
        0.22609241715073586
    ],
    "val_loss": [
        0.2162577736377716,
        0.2085088815689087,
        0.19479625344276427,
        0.23965762519836425,
        0.18314348018169402,
        0.2146860259771347,
        0.23751387178897856,
        0.17132696890830992,
        0.18464406168460845,
        0.17714851272106172,
        0.19108354675769806,
        0.17562745571136473,
        0.17511979234218597,
        0.19284314370155334,
        0.17511485707759858,
        0.1754808247089386,
        0.17365279185771942,
        0.180997838139534
    ],
    "train_acc": [
        0.842625,
        0.876,
        0.88925,
        0.88025,
        0.887,
        0.889125,
        0.888875,
        0.899,
        0.8965,
        0.902,
        0.899125,
        0.907875,
        0.91025,
        0.915375,
        0.91025,
        0.912875,
        0.913875,
        0.911125
    ],
    "val_acc": [
        0.92,
        0.923,
        0.938,
        0.908,
        0.941,
        0.917,
        0.909,
        0.944,
        0.932,
        0.94,
        0.929,
        0.937,
        0.939,
        0.927,
        0.934,
        0.933,
        0.931,
        0.932
    ],
    "best_val_acc": 0.944,
    "best_epoch": 8,
    "model_path": "models/SimpleResNetCNN/run_6/best_model.pth"
}