{
    "train_loss": [
        0.6341694051027298,
        0.5530590646266937,
        0.5184153881072998,
        0.507455328822136,
        0.4890544353723526,
        0.4687305221557617,
        0.46618520206213,
        0.4560844954252243,
        0.4501153999567032,
        0.43833369040489195,
        0.4391384161710739,
        0.4292169359922409,
        0.43934627157449724,
        0.4419767443537712,
        0.41001308023929595,
        0.3980001279115677,
        0.38644608747959136,
        0.39323556804656984,
        0.39378854078054426,
        0.39017277806997297,
        0.3806426457762718,
        0.38428766959905625,
        0.3806785963773727,
        0.38072814339399336,
        0.37194098687171934,
        0.3795221350193024,
        0.3648060601949692,
        0.3708909503221512
    ],
    "val_loss": [
        0.5441593270301819,
        0.4878194766044617,
        0.4372784020900726,
        0.4258863604068756,
        0.45297931623458865,
        0.3868037898540497,
        0.4036198310852051,
        0.3724900875091553,
        0.3702711262702942,
        0.3825775740146637,
        0.36075605154037477,
        0.3773956496715546,
        0.36403312492370604,
        0.38149344396591184,
        0.3439599409103394,
        0.33383612966537474,
        0.32708465194702147,
        0.3293601109981537,
        0.3309127311706543,
        0.3233966205120087,
        0.3388656756877899,
        0.326400603890419,
        0.32032373118400576,
        0.3268804312944412,
        0.32584597754478456,
        0.3257082087993622,
        0.3254188675880432,
        0.32255733263492586
    ],
    "train_acc": [
        0.66125,
        0.718625,
        0.744,
        0.75275,
        0.771375,
        0.78175,
        0.78,
        0.78825,
        0.79475,
        0.80075,
        0.79575,
        0.804125,
        0.799,
        0.795,
        0.8115,
        0.821125,
        0.830375,
        0.82225,
        0.821875,
        0.828875,
        0.833375,
        0.826625,
        0.8325,
        0.833625,
        0.83475,
        0.830875,
        0.841375,
        0.83925
    ],
    "val_acc": [
        0.735,
        0.765,
        0.8,
        0.806,
        0.791,
        0.834,
        0.815,
        0.846,
        0.843,
        0.846,
        0.856,
        0.851,
        0.834,
        0.846,
        0.865,
        0.87,
        0.871,
        0.864,
        0.866,
        0.872,
        0.856,
        0.858,
        0.874,
        0.864,
        0.864,
        0.866,
        0.867,
        0.863
    ],
    "best_val_acc": 0.874,
    "best_epoch": 23,
    "model_path": "models/Simple3BlockCNN/run_3/best_model.pth"
}