{
    "train_loss": [
        0.3641900444030762,
        0.2980068529546261,
        0.2873465257883072,
        0.29672287791967394,
        0.2792402009218931,
        0.2591832256913185,
        0.27503107583522796,
        0.2561816705465317,
        0.271050243973732,
        0.2501970085799694
    ],
    "val_loss": [
        0.22714192605018615,
        0.19916844153404237,
        0.21416829788684846,
        0.1971641366481781,
        0.18374845337867737,
        0.1941596221923828,
        0.17872888100147247,
        0.24022204232215882,
        0.22440037536621094,
        0.17508250665664674
    ],
    "train_acc": [
        0.840375,
        0.8825,
        0.88375,
        0.8765,
        0.8855,
        0.893875,
        0.888875,
        0.898875,
        0.889375,
        0.90375
    ],
    "val_acc": [
        0.908,
        0.932,
        0.91,
        0.921,
        0.944,
        0.928,
        0.941,
        0.9,
        0.912,
        0.935
    ],
    "best_val_acc": 0.944,
    "best_epoch": 5,
    "model_path": "models/SimpleResNetCNN/run_1/best_model.pth"
}