{
    "train_loss": [
        0.6343832623283818,
        0.4039035108854186,
        0.2813639665549656,
        0.24832525455726767,
        0.2766692984778926,
        0.23926543014229468,
        0.17778371325079,
        0.23281063369984897,
        0.21905378271948617,
        0.24837171935810234,
        0.24182527754104363,
        0.2321367440358648,
        0.2315305400007176,
        0.2362704611611816,
        0.20203010378018865,
        0.20095578122813745,
        0.18418224442679926,
        0.19972285482118715,
        0.17625936775837303,
        0.19379570214253553
    ],
    "val_loss": [
        3.1086948715433804,
        0.484943731971409,
        0.7125925499459972,
        0.3232458816922229,
        0.23550258123356363,
        0.20694601211858832,
        0.18475589318119962,
        1.0232083366616913,
        1.043250817319621,
        0.14703127158724744,
        0.28946045174708834,
        0.5909135095451189,
        0.6158197134247293,
        0.16449333411519942,
        0.14856094575446585,
        0.17168337592612143,
        0.17696332526595696,
        0.17034750512760619,
        0.1570306883557983,
        0.1716608434267666
    ],
    "train_acc": [
        0.7679245283018868,
        0.8264150943396227,
        0.9056603773584906,
        0.9018867924528302,
        0.8962264150943396,
        0.8943396226415095,
        0.939622641509434,
        0.909433962264151,
        0.9132075471698113,
        0.8962264150943396,
        0.9075471698113208,
        0.9075471698113208,
        0.9169811320754717,
        0.909433962264151,
        0.9245283018867925,
        0.9358490566037736,
        0.9226415094339623,
        0.9320754716981132,
        0.930188679245283,
        0.9150943396226415
    ],
    "val_acc": [
        0.5652173913043478,
        0.8804347826086957,
        0.8804347826086957,
        0.9130434782608695,
        0.8804347826086957,
        0.9239130434782609,
        0.9130434782608695,
        0.6195652173913043,
        0.8586956521739131,
        0.9456521739130435,
        0.8804347826086957,
        0.8152173913043478,
        0.782608695652174,
        0.9347826086956522,
        0.9565217391304348,
        0.9347826086956522,
        0.9239130434782609,
        0.9239130434782609,
        0.9347826086956522,
        0.9347826086956522
    ],
    "best_val_acc": 0.9565217391304348,
    "best_epoch": 15,
    "model_path": "models/AIDetectorResNet/run_2/best_model.pth"
}