{
    "train_loss": [
        1.154564840565942,
        0.990130889478982,
        0.8328007571893282,
        0.7516028691349991,
        0.7329755128220474,
        0.5944431338765577,
        0.5502635351226564,
        0.5631919194912088,
        0.5545916592094563,
        0.49520921691343067,
        0.5163106108059617,
        0.5133045608232129,
        0.48214846232841757,
        0.48799578398861365,
        0.45719569004498994
    ],
    "val_loss": [
        0.644840213846653,
        0.5857047216689333,
        0.5148563207464015,
        0.4857810463042969,
        0.45966815694849544,
        0.4484513998031616,
        0.4293933187393432,
        0.43350965291895766,
        0.4381602856707066,
        0.39147231173008046,
        0.3919486143487565,
        0.3864879639858895,
        0.37225646636587506,
        0.36363459552856203,
        0.3543755678420371
    ],
    "train_acc": [
        0.5039787798408488,
        0.53315649867374,
        0.5901856763925729,
        0.6445623342175066,
        0.6604774535809018,
        0.7175066312997348,
        0.7188328912466844,
        0.7254641909814323,
        0.7214854111405835,
        0.7652519893899205,
        0.7519893899204244,
        0.7519893899204244,
        0.7718832891246684,
        0.7692307692307693,
        0.7891246684350133
    ],
    "val_acc": [
        0.6063829787234043,
        0.6914893617021277,
        0.7872340425531915,
        0.8191489361702128,
        0.851063829787234,
        0.8723404255319149,
        0.8617021276595744,
        0.851063829787234,
        0.8297872340425532,
        0.8936170212765957,
        0.8617021276595744,
        0.8617021276595744,
        0.8617021276595744,
        0.8617021276595744,
        0.8617021276595744
    ],
    "best_val_acc": 0.8936170212765957,
    "best_epoch": 10,
    "model_path": "models/AIDetectorResNet/run_3/best_model.pth"
}